-- MySQL dump 10.13  Distrib 5.5.41, for debian-linux-gnu (x86_64)
--
-- Host: localhost    Database: hackathon_db
-- ------------------------------------------------------
-- Server version	5.5.41-0+wheezy1

/*!40101 SET @OLD_CHARACTER_SET_CLIENT=@@CHARACTER_SET_CLIENT */;
/*!40101 SET @OLD_CHARACTER_SET_RESULTS=@@CHARACTER_SET_RESULTS */;
/*!40101 SET @OLD_COLLATION_CONNECTION=@@COLLATION_CONNECTION */;
/*!40101 SET NAMES utf8 */;
/*!40103 SET @OLD_TIME_ZONE=@@TIME_ZONE */;
/*!40103 SET TIME_ZONE='+00:00' */;
/*!40014 SET @OLD_UNIQUE_CHECKS=@@UNIQUE_CHECKS, UNIQUE_CHECKS=0 */;
/*!40014 SET @OLD_FOREIGN_KEY_CHECKS=@@FOREIGN_KEY_CHECKS, FOREIGN_KEY_CHECKS=0 */;
/*!40101 SET @OLD_SQL_MODE=@@SQL_MODE, SQL_MODE='NO_AUTO_VALUE_ON_ZERO' */;
/*!40111 SET @OLD_SQL_NOTES=@@SQL_NOTES, SQL_NOTES=0 */;

--
-- Table structure for table `classFiles`
--

DROP TABLE IF EXISTS `classFiles`;
/*!40101 SET @saved_cs_client     = @@character_set_client */;
/*!40101 SET character_set_client = utf8 */;
CREATE TABLE `classFiles` (
  `cid` int(5) NOT NULL,
  `fid` int(11) NOT NULL,
  KEY `cid` (`cid`),
  KEY `fid` (`fid`),
  CONSTRAINT `classFiles_ibfk_1` FOREIGN KEY (`cid`) REFERENCES `classes` (`cid`),
  CONSTRAINT `classFiles_ibfk_2` FOREIGN KEY (`fid`) REFERENCES `files` (`fid`)
) ENGINE=InnoDB DEFAULT CHARSET=latin1;
/*!40101 SET character_set_client = @saved_cs_client */;

--
-- Dumping data for table `classFiles`
--

LOCK TABLES `classFiles` WRITE;
/*!40000 ALTER TABLE `classFiles` DISABLE KEYS */;
INSERT INTO `classFiles` VALUES (3,36),(1,37),(1,38),(1,39),(1,40),(1,41),(3,42),(3,43),(3,44),(4,45),(4,46),(4,47),(4,48);
/*!40000 ALTER TABLE `classFiles` ENABLE KEYS */;
UNLOCK TABLES;

--
-- Table structure for table `classes`
--

DROP TABLE IF EXISTS `classes`;
/*!40101 SET @saved_cs_client     = @@character_set_client */;
/*!40101 SET character_set_client = utf8 */;
CREATE TABLE `classes` (
  `cid` int(5) NOT NULL AUTO_INCREMENT,
  `course` varchar(4) NOT NULL,
  `section` int(3) NOT NULL,
  `title` varchar(255) NOT NULL,
  PRIMARY KEY (`cid`)
) ENGINE=InnoDB AUTO_INCREMENT=5 DEFAULT CHARSET=latin1;
/*!40101 SET character_set_client = @saved_cs_client */;

--
-- Dumping data for table `classes`
--

LOCK TABLES `classes` WRITE;
/*!40000 ALTER TABLE `classes` DISABLE KEYS */;
INSERT INTO `classes` VALUES (1,'221L',111,'Software Development 2'),(2,'321L',231,'Computer Architecure'),(3,'108L',312,'America Since 1945'),(4,'HAK4',777,'Hackathon 2014');
/*!40000 ALTER TABLE `classes` ENABLE KEYS */;
UNLOCK TABLES;

--
-- Table structure for table `fileTags`
--

DROP TABLE IF EXISTS `fileTags`;
/*!40101 SET @saved_cs_client     = @@character_set_client */;
/*!40101 SET character_set_client = utf8 */;
CREATE TABLE `fileTags` (
  `fid` int(11) NOT NULL,
  `tag` varchar(255) NOT NULL,
  KEY `tid` (`tag`),
  KEY `fid` (`fid`),
  CONSTRAINT `fileTags_ibfk_2` FOREIGN KEY (`fid`) REFERENCES `files` (`fid`)
) ENGINE=InnoDB DEFAULT CHARSET=latin1;
/*!40101 SET character_set_client = @saved_cs_client */;

--
-- Dumping data for table `fileTags`
--

LOCK TABLES `fileTags` WRITE;
/*!40000 ALTER TABLE `fileTags` DISABLE KEYS */;
INSERT INTO `fileTags` VALUES (36,'Riddle'),(36,'Two'),(36,'You'),(36,'are'),(36,'the'),(36,'janitor'),(36,'at'),(36,'a'),(36,'prison'),(36,'with'),(36,'100'),(36,'prisoners'),(36,'locked'),(36,'in'),(36,'separate'),(36,'soundproof'),(36,'and'),(36,'windowless'),(36,'cells.'),(36,'You'),(36,'watch'),(36,'one'),(36,'day'),(36,'as'),(36,'the'),(36,'warden'),(36,'brings'),(36,'the'),(36,'prisoners'),(36,'out'),(36,'to'),(36,'a'),(36,'central'),(36,'room'),(36,'where'),(36,'there'),(36,'are'),(36,'100'),(36,'boxes'),(36,'laid'),(36,'out'),(36,'labeled'),(36,'1'),(36,'through'),(36,'100.'),(36,'He'),(36,'hands'),(36,'each'),(36,'prisoner'),(36,'a'),(36,'slip'),(36,'of'),(36,'paper'),(36,'and'),(36,'a'),(36,'pen,'),(36,'and'),(36,'asks'),(36,'everyone'),(36,'to'),(36,'write'),(36,'their'),(36,'name'),(36,'on'),(36,'their'),(36,'slip'),(36,'and'),(36,'hand'),(36,'it'),(36,'back'),(36,'to'),(36,'him.'),(36,'All'),(36,'the'),(36,'prisoners'),(36,'have'),(36,'different'),(36,'names.'),(36,'The'),(36,'warden'),(36,'then'),(36,'makes'),(36,'a'),(36,'proposition'),(36,'to'),(36,'the'),(36,'prisoners.'),(36,'He'),(36,'will'),(36,'put'),(36,'them'),(36,'back'),(36,'in'),(36,'their'),(36,'cells'),(36,'nd'),(36,'will'),(36,'put'),(36,'each'),(36,'of'),(36,'the'),(36,'100'),(36,'slips'),(36,'of'),(36,'paper'),(36,'into'),(36,'a'),(36,'different'),(36,'box.'),(36,'The'),(36,'prisoners'),(36,'will'),(36,'then'),(36,'be'),(36,'brought'),(36,'out'),(36,'one'),(36,'by'),(36,'one'),(36,'in'),(36,'a'),(36,'random'),(36,'order.'),(36,'When'),(36,'a'),(36,'prisoner'),(36,'comes'),(36,'out'),(36,'he'),(36,'will'),(36,'get'),(36,'to'),(36,'open'),(36,'50'),(36,'boxes.'),(36,'He'),(36,'doesn&apos;t'),(36,'need'),(36,'to'),(36,'preselect'),(36,'which'),(36,'boxes'),(36,'he&apos;ll'),(36,'open,'),(36,'he'),(36,'can'),(36,'choose'),(36,'as'),(36,'he'),(36,'goes'),(36,'along.'),(36,'He'),(36,'is'),(36,'also'),(36,'not'),(36,'allowed'),(36,'to'),(36,'rearrange'),(36,'the'),(36,'boxes'),(36,'or'),(36,'the'),(36,'names'),(36,'as'),(36,'he'),(36,'doe'),(36,'this.'),(36,'If'),(36,'any'),(36,'of'),(36,'the'),(36,'50'),(36,'boxes'),(36,'he'),(36,'opens'),(36,'contains'),(36,'the'),(36,'slip'),(36,'with'),(36,'that'),(36,'prisoner&apos;s'),(36,'name'),(36,'on'),(36,'it,'),(36,'then'),(36,'that'),(36,'prisoner'),(36,'&quot;passes&quot;'),(36,'the'),(36,'test.'),(36,'He'),(36,'will'),(36,'be'),(36,'sent'),(36,'back'),(36,'to'),(36,'his'),(36,'cell,'),(36,'all'),(36,'of'),(36,'the'),(36,'boxes'),(36,'will'),(36,'be'),(36,'closed,'),(36,'and'),(36,'the'),(36,'next'),(36,'prisoner'),(36,'will'),(36,'be'),(36,'brought'),(36,'out.'),(36,'However'),(36,'if'),(36,'any'),(36,'prisoner'),(36,'opens'),(36,'50'),(36,'boxes'),(36,'and'),(36,'none'),(36,'of'),(36,'them'),(36,'contain'),(36,'his'),(36,'name'),(36,'then'),(36,'all'),(36,'100'),(36,'prisoners'),(36,'will'),(36,'be'),(36,'executed.'),(36,'Note'),(36,'that'),(36,'prisoners'),(36,'have'),(36,'no'),(36,'way'),(36,'of'),(36,'passing'),(36,'information'),(36,'on'),(36,'to'),(36,'any'),(36,'of'),(36,'the'),(36,'prisoners'),(36,'who'),(36,'go'),(36,'after'),(36,'them.'),(36,'If'),(36,'all'),(36,'of'),(36,'the'),(36,'prisoners'),(36,'are'),(36,'able'),(36,'to'),(36,'&quot;pass'),(36,'he'),(36,'test,'),(36,'then'),(36,'they'),(36,'will'),(36,'all'),(36,'be'),(36,'set'),(36,'free'),(36,'and'),(36,'you&apos;ll'),(36,'receive'),(36,'a'),(36,'big'),(36,'promotion.'),(36,'Luckily'),(36,'for'),(36,'the'),(36,'prisoners,'),(36,'the'),(36,'warden'),(36,'is'),(36,'go'),(36,'ng'),(36,'to'),(36,'let'),(36,'you'),(36,'he'),(36,'p'),(36,'them'),(36,'in'),(36,'the'),(36,'fo'),(36,'lowing'),(36,'way'),(36,'After'),(36,'he&apos;s'),(36,'put'),(36,'all'),(36,'of'),(36,'the'),(36,'names'),(36,'in'),(36,'the'),(36,'boxes'),(36,'he'),(36,'wi'),(36,'l'),(36,'bring'),(36,'you'),(36,'into'),(36,'the'),(36,'room,'),(36,'let'),(36,'you'),(36,'look'),(36,'at'),(36,'all'),(36,'the'),(36,'names'),(36,'in'),(36,'all'),(36,'the'),(36,'boxes,'),(36,'and'),(36,'then,'),(36,'if'),(36,'you'),(36,'choose'),(36,'to,'),(36,'switch'),(36,'two'),(36,'names'),(36,'with'),(36,'each'),(36,'other'),(36,'For'),(36,'example,'),(36,'you'),(36,'could'),(36,'switch'),(36,'the'),(36,'names'),(36,'in'),(36,'boxes'),(36,'35'),(36,'and'),(36,'77.'),(36,'You'),(36,'are'),(36,'only'),(36,'allowed'),(36,'to'),(36,'make'),(36,'one'),(36,'switch'),(36,'After'),(36,'you'),(36,'help'),(36,'with'),(36,'this'),(36,'task,'),(36,'you'),(36,'will'),(36,'be'),(36,'sent'),(36,'out'),(36,'of'),(36,'the'),(36,'prison'),(36,'and'),(36,'will'),(36,'not'),(36,'be'),(36,'able'),(36,'to'),(36,'communicate'),(36,'with'),(36,'the'),(36,'prisoners.'),(36,'Before'),(36,'this'),(36,'strange'),(36,'game'),(36,'begins,'),(36,'you'),(36,'get'),(36,'to'),(36,'meet'),(36,'with'),(36,'the'),(36,'prisoners'),(36,'to'),(36,'discuss'),(36,'a'),(36,'strategy.'),(36,'This'),(36,'strategy'),(36,'must'),(36,'have'),(36,'two'),(36,'parts:'),(36,'1.'),(36,'How'),(36,'do'),(36,'you'),(36,'decide'),(36,'which'),(36,'names'),(36,'to'),(36,'switch,'),(36,'if'),(36,'any'),(36,'at'),(36,'all&apos;;'),(36,'2.'),(36,'How'),(36,'does'),(36,'each'),(36,'prisoner'),(36,'decide'),(36,'which'),(36,'50'),(36,'boxes'),(36,'he'),(36,'will'),(36,'open&apos;;'),(36,'What'),(36,'plan'),(36,'do'),(36,'you'),(36,'come'),(36,'up'),(36,'with'),(36,'to'),(36,'ensure'),(36,'that'),(36,'the'),(36,'prisoners'),(36,'will'),(36,'all'),(36,'go'),(36,'free&apos;7'),(37,'Lab'),(37,'5'),(37,'The'),(37,'goals'),(37,'of'),(37,'the'),(37,'lab'),(37,'are'),(37,'to'),(37,'get'),(37,'some'),(37,'practice'),(37,'handling'),(37,'data'),(37,'in'),(37,'MySQL'),(37,'and'),(37,'PHP.'),(37,'Background'),(37,'To'),(37,'issue'),(37,'a'),(37,'database'),(37,'query'),(37,'using'),(37,'PHP,'),(37,'the'),(37,'PHP'),(37,'script'),(37,'must'),(37,'first'),(37,'connect'),(37,'to'),(37,'the'),(37,'server'),(37,'with'),(37,'a'),(37,'user'),(37,'name,'),(37,'password,'),(37,'and'),(37,'database'),(37,'name.'),(37,'The'),(37,'PHP'),(37,'script,'),(37,'connect'),(37,'db'),(37,'.'),(37,'php,'),(37,'does'),(37,'all'),(37,'of'),(37,'these'),(37,'things'),(37,'or'),(37,'us'),(37,'After'),(37,'connecting'),(37,'to'),(37,'MySQL,'),(37,'when'),(37,'PHP'),(37,'issues'),(37,'a'),(37,'query,'),(37,'a'),(37,'PHP'),(37,'script'),(37,'accesses'),(37,'th'),(37,'='),(37,'results'),(37,'one'),(37,'row'),(37,'at'),(37,'a'),(37,'time,'),(37,'typically'),(37,'using'),(37,'a'),(37,'PHP'),(37,'while-loop.'),(37,'With'),(37,'each'),(37,'row,'),(37,'the'),(37,'script'),(37,'accesses'),(37,'the'),(37,'columns'),(37,'by'),(37,'•'),(37,'Column'),(37,'number'),(37,'using'),(37,'a'),(37,'zero-based'),(37,'index'),(37,'AND/OR...'),(37,'Associatively&quot;'),(37,'by'),(37,'column'),(37,'na'),(37,'The'),(37,'preferred'),(37,'method'),(37,'is'),(37,'associatively.'),(37,'Tasks'),(37,'Part'),(37,'I'),(37,'Download,'),(37,'install,'),(37,'and'),(37,'start'),(37,'EasyPHP'),(37,'0'),(37,':'),(37,'en'),(37,'the'),(37,'MySQL'),(37,'client'),(37,'and'),(37,'source'),(37,'the'),(37,'presidents'),(37,'sql'),(37,'source'),(37,'file'),(37,'you'),(37,'created'),(37,'in'),(37,'last'),(37,'week&apos;s'),(37,'lab'),(37,'éléélé'),(37,'Make'),(37,'sure'),(37,'presidents'),(37,'sql'),(37,'creates'),(37,'and'),(37,'uses'),(37,'site'),(37,'d'),(37,'ownload'),(37,'the'),(37,'McGrath'),(37,'(2012)'),(37,'source'),(37,'(the'),(37,'same'),(37,'zip'),(37,'file'),(37,'used'),(37,'n'),(37,'earl'),(37,'er'),(37,'labs,'),(37,'phpmysql-'),(37,'sourcecode-u'),(37,'É'),(37,'date.zip'),(37,'Unzip'),(37,'the'),(37,'second'),(37,'embedded'),(37,'zip'),(37,'file'),(37,'called'),(37,'php'),(37,'src'),(37,'zip'),(37,'4'),(37,'Download'),(37,'ins;'),(37,'rt'),(37,'data.sql'),(37,'from'),(37,'iLearn'),(37,'and'),(37,'source'),(37,'this'),(37,'file.'),(37,'5.'),(37,'The'),(37,'file'),(37,'connect'),(37,'db.php'),(37,'is'),(37,'i'),(37,'he'),(37,'unzipped'),(37,'file'),(37,'php'),(37,'src'),(37,'zip.'),(37,'Create'),(37,'a'),(37,'directory'),(37,'in'),(37,'EasyPHP'),(37,'localweb/'),(37,'includes'),(37,'and'),(37,'copy'),(37,'the'),(37,'connect'),(37,'db'),(37,'php'),(37,'script'),(37,'there.'),(37,'Edit'),(37,'connect'),(37,'db'),(37,'.'),(37,'php'),(37,'script'),(37,'and'),(37,'replace'),(37,'the'),(37,'username'),(37,'and'),(37,'password'),(37,'with'),(37,'root'),(37,'and'),(37,'no'),(37,'assword'),(37,'(for'),(37,'no'),(37,'password'),(37,'&apos;ust'),(37,'us;'),(37,'two'),(37,'sin'),(37,'e'),(37,'quotes'),(37,'with'),(37,'nothing'),(37,'betwee'),(37,'them).'),(37,'rom'),(37,'php-src.zip,'),(37,'download'),(37,'prints'),(37,'.'),(37,'php'),(37,'and'),(37,'copy'),(37,'it'),(37,'to'),(37,'EasyPHP'),(37,'localweb.'),(38,'Lab'),(38,'3'),(38,'The'),(38,'goals'),(38,'of'),(38,'the'),(38,'lab'),(38,'are'),(38,'to'),(38,'get'),(38,'some'),(38,'practice'),(38,'with'),(38,'MySQL'),(38,'database'),(38,'and'),(38,'table'),(38,'creation'),(38,'and'),(38,'to'),(38,'crea'),(38,'e'),(38,'an'),(38,'initial'),(38,'Limbo'),(38,'database.'),(38,'Background'),(38,'MySQL'),(38,'is'),(38,'a'),(38,'client-server'),(38,'relational'),(38,'database'),(38,'management'),(38,'system'),(38,'(RDBMS).'),(38,'The'),(38,'&quot;relations&quot;'),(38,'are'),(38,'expressed'),(38,'as'),(38,'a'),(38,'set'),(38,'of'),(38,'rows'),(38,'and'),(38,'columns'),(38,'in'),(38,'table'),(38,'form.'),(38,'The'),(38,'table'),(38,'has'),(38,'zero'),(38,'or'),(38,'more'),(38,'rows'),(38,'and'),(38,'one'),(38,'or'),(38,'more'),(38,'columns.'),(38,'A'),(38,'field'),(38,'is'),(38,'the'),(38,'intersection'),(38,'of'),(38,'a'),(38,'row'),(38,'and'),(38,'a'),(38,'column.'),(38,'ach'),(38,'row'),(38,'has'),(38,'the'),(38,'same'),(38,'number'),(38,'ofcolumns'),(38,'and'),(38,'the'),(38,'columns'),(38,'type'),(38,'and'),(38,'possibly'),(38,'modifiers'),(38,'that'),(38,'constrain'),(38,'field'),(38,'values.'),(38,'ySQL'),(38,'has'),(38,'a'),(38,'command'),(38,'line'),(38,'interface,'),(38,'the'),(38,'MySQL'),(38,'Client,'),(38,'for'),(38,'interactively'),(38,'submitting'),(38,'CRUD'),(38,'commands.'),(38,'MySQ'),(38,'ne'),(38,'comments'),(38,'start'),(38,'with'),(38,'block'),(38,'comments'),(38,'use'),(38,'/'),(38,'Tasks'),(38,'Part'),(38,'l'),(38,'n'),(38,'TextPad,'),(38,'create'),(38,'an'),(38,'SQL'),(38,'file,'),(38,'create'),(38,'limbo'),(38,'.'),(38,'sql,'),(38,'modeled'),(38,'on'),(38,'the'),(38,'one'),(38,'on'),(38,'p.'),(38,'86'),(38,'in'),(38,'cGrath'),(38,'(2012).'),(38,'At'),(38,'the'),(38,'top'),(38,'of'),(38,'file'),(38,'place'),(38,'the'),(38,'following'),(38,'comments;'),(38,'#'),(38,'This'),(38,'file'),(38,'creates'),(38,'the'),(38,'Limbo'),(38,'database'),(38,'#'),(38,'Author'),(38,'&lt;team'),(38,'members&gt;'),(38,'Immediately'),(38,'below'),(38,'the'),(38,'comments,'),(38,'add'),(38,'the'),(38,'commands'),(38,'drop'),(38,'atabase'),(38,'if'),(38,'exists'),(38,'limbo'),(38,'db'),(38,','),(38,'create'),(38,'database'),(38,'limbo'),(38,'db'),(38,','),(38,'use'),(38,'limbo'),(38,'db'),(38,','),(38,'Part'),(38,'ll'),(38,'Ins'),(38,'all'),(38,'and'),(38,'configure'),(38,'EasyPHP,'),(38,'ifyou'),(38,'have'),(38,'not'),(38,'already'),(38,'done'),(38,'so.'),(38,'Open'),(38,'the'),(38,'Windows'),(38,'command'),(38,'line'),(38,'prompt.'),(38,'3.'),(38,'Go'),(38,'to'),(38,'binariesxmysqlxbin'),(38,'ofEasyPHP'),(38,'Invoke'),(38,'the'),(38,'MySQL'),(38,'client:'),(38,'mysql'),(38,'-u'),(38,'root'),(38,'5.'),(38,'Source'),(38,'create'),(38,'limbo'),(38,'.'),(38,'sql'),(38,'1'),(38,'of'),(38,'2'),(39,':'),(39,'riefing'),(39,'['),(39,'Nation'),(39,'recently'),(39,'By'),(39,'slamming'),(39,'the'),(39,'Whose'),(39,'i-'),(39,'ternet'),(39,'s'),(39,'t&apos;'),(39,'nfl&quot;!'),(39,'FCC&apos;s'),(39,'proposed'),(39,'rules'),(39,'and'),(39,'calling'),(39,'for'),(39,'the'),(39,'independent'),(39,'agency-over'),(39,'which'),(39,'he'),(39,'has'),(39,'A'),(39,'guide'),(39,'to'),(39,'the'),(39,'limited'),(39,'control-to'),(39,'write'),(39,'new'),(39,'LF;+'),(39,'ones'),(39,'that'),(39,'ban'),(39,'&quot;paid'),(39,'prioritiza'),(39,'Net-neutrality'),(39,'tion'),(39,'and'),(39,'any'),(39,'other'),(39,'restriction'),(39,'word'),(39,'wars'),(39,'-'),(39,'bi'),(39,'that'),(39,'has'),(39,'a'),(39,'similar'),(39,'effect,&quot;'),(39,'.'),(39,';'),(39,'8•,.=tf'),(39,'&quot;'),(39,';&apos;•7&apos;%7*&apos;'),(39,'?'),(39,'the'),(39,'President'),(39,'transformed'),(39,'a'),(39,'BY'),(39,'HALEY'),(39,'SWEETLAND'),(39,'Nil&quot;'),(39,'•{'),(39,',r'),(39,'&apos;'),(39,'wonky'),(39,'telecom'),(39,'Hght'),(39,'into'),(39,'a'),(39,'N'),(39,';9?€;vef'),(39,';'),(39,'EDWARDS'),(39,'F-'),(39,';'),(39,'•'),(39,'tM'),(39,'&apos;'),(39,'ne?'),(39,'l'),(39,';'),(39,'?&quot;'),(39,';&quot;-{&quot;&apos;J{fÉé:w;'),(39,'public'),(39,'showdown.'),(39,'In'),(39,'addi-'),(39,'tion'),(39,'to'),(39,'preventing'),(39,'fast'),(39,'lanes,'),(39,'Obarna'),(39,'wants'),(39,'to'),(39,'reclassify'),(39,'nm'),(39,'evERYoNe'),(39,'IN'),(39,'WASHiNGTON'),(39,'consumer'),(39,'broadband'),(39,'Intemet'),(39,'seems'),(39,'to'),(39,'be'),(39,'promising'),(39,'under'),(39,'Title'),(39,'II'),(39,'of'),(39,'the'),(39,'Commu-'),(39,'American'),(39,'web'),(39,'users'),(39,'an'),(39,'&quot;open'),(39,'nications'),(39,'Act,'),(39,'which'),(39,'would'),(39,'Internet&quot;'),(39,'lately.'),(39,'On'),(39,'Nov.'),(39,'io,'),(39,'Cable'),(39,'crusaders'),(39,'Open-lntemetdduocates'),(39,'protest'),(39,'the'),(39,'FCC3'),(39,'proposed'),(39,'714165'),(39,'give'),(39,'the'),(39,'FCC'),(39,'legal'),(39,'authority'),(39,'after'),(39,'President'),(39,'Barack'),(39,'Obama'),(39,'to'),(39,'regulate'),(39,'broadband.'),(39,'Com-'),(39,'called'),(39,'for'),(39,'the'),(39,'strictest'),(39,'tools'),(39,'high,and'),(39,'the'),(39,'rhetoric'),(39,'can'),(39,'be'),(39,'and'),(39,'1talso'),(39,'preserved'),(39,'the'),(39,'fees'),(39,'castand'),(39,'allthe'),(39,'otherbigISPs'),(39,'available'),(39,'to'),(39,'crohibitlnternet'),(39,'confusing.'),(39,'So'),(39,'let&apos;s'),(39,'try'),(39,'to'),(39,'sort'),(39,'ISPs'),(39,'collectfrom'),(39,'big'),(39,'content'),(39,'strongly'),(39,'oppose'),(39,'this'),(39,'switch,'),(39,'service'),(39,'providers(ISPs)from'),(39,'through'),(39,'the'),(39,'mess.'),(39,'producers'),(39,'like'),(39,'Netflix,'),(39,'that'),(39,'because'),(39,'they'),(39,'worry'),(39,'it'),(39,'could'),(39,'creating'),(39,'&quot;fast'),(39,'lanes&quot;'),(39,'and'),(39,'&quot;slow'),(39,'pay'),(39,'to'),(39,'connect'),(39,'directly'),(39,'to'),(39,'the'),(39,'lead'),(39,'to'),(39,'heavy-handed'),(39,'regula-'),(39,'lanes&quot;'),(39,'for'),(39,'different'),(39,'content,'),(39,'WHAT'),(39,'is'),(39,'Net'),(39,'NEUTRALiTY'),(39,'back'),(39,'end'),(39,'of'),(39,'their'),(39,'networks'),(39,'tion.'),(39,'But'),(39,'many'),(39,'open-Intemet'),(39,'Federal'),(39,'Communications'),(39,'iT'),(39,'is'),(39,'THE'),(39,'PRiNciPLE'),(39,'THAT'),(39,'and'),(39,'reach'),(39,'consumers'),(39,'more'),(39,'lawyers'),(39,'believe'),(39,'that'),(39,'rec1assifi'),(39,'Commission'),(39,'chairmanTom'),(39,'ISPs'),(39,'should'),(39,'treatallweb'),(39,'traf'),(39,'quickly.The'),(39,'public'),(39,'outcry'),(39,'cation'),(39,'is'),(39,'the'),(39,'only'),(39,'way'),(39,'to'),(39,'give'),(39,'Wheeler'),(39,'didn&apos;t'),(39,'miss'),(39,'a'),(39,'beat.'),(39,'ric'),(39,'the'),(39,'same'),(39,'and'),(39,'not'),(39,'block'),(39,'was'),(39,'strong.'),(39,'Nearly'),(39,'4'),(39,'million'),(39,'the'),(39,'FCC'),(39,'legal'),(39,'authority'),(39,'that'),(39,'*Like'),(39,'the'),(39,'President,Ibeliev'),(39,'or'),(39,'slow'),(39,'certain'),(39,'data'),(39,'streams'),(39,'Americans'),(39,'wrote'),(39,'to'),(39,'the'),(39,'FCC'),(39,'canwithstand'),(39,'the'),(39,'expected'),(39,'that'),(39,'the'),(39,'Internet'),(39,'must'),(39,'remain'),(39,'for'),(39,'any'),(39,'reason.'),(39,'Many'),(39,'argue'),(39,'to'),(39,'complain'),(39,'about'),(39,'the'),(39,'pro'),(39,'court'),(39,'challenges.'),(39,'open'),(39,'platform,&quot;he'),(39,'ote'),(39,'thatenforcing'),(39,'Netneutral-'),(39,'posed'),(39,'rules.'),(39,'in'),(39,'a'),(39,'statement.'),(39,'1ty'),(39,'is'),(39,'even'),(39,'more'),(39,'important'),(39,'Comcast'),(39,'maintains'),(39,'that'),(39,'WHAT'),(39,'HAPPENS'),(39,'NEXT7'),(39,'The'),(39,'next'),(39,'day,'),(39,'Comcast,'),(39,'the'),(39,'now'),(39,'that'),(39,':'),(39,'ig'),(39,'ISPs'),(39,'also'),(39,'own'),(39,'the'),(39,'back-end'),(39,'connections'),(39,'THE'),(39,'Fcc'),(39,'conti)'),(39,'von;'),(39,'EARLY'),(39,'ation&apos;s'),(39,'biggest'),(39,'bio-'),(39,'dband'),(39,'content'),(39,'companies.'),(39,'For'),(39,'ex-'),(39,'have'),(39,'nothing'),(39,'to'),(39,'do'),(39,'with'),(39,'Net'),(39,'next'),(39,'year'),(39,'to'),(39,'Hna1ize'),(39,'its'),(39,'pro'),(39,'provider,'),(39,'seemed'),(39,'to'),(39,'concur.'),(39,'ample,'),(39,'Comcast'),(39,'shouldn&apos;t'),(39,'be'),(39,'neutrality.'),(39,'And'),(39,'the'),(39,'FCC&apos;'),(39,'posed'),(39,'open-Internet'),(39,'rules,'),(39,'Surprise!&quot;'),(39,'ote'),(39,'Comcast'),(39,'allowed'),(39,'to'),(39,'slow'),(39,'down'),(39,'the'),(39,'Fox'),(39,'Wheeler'),(39,'argues'),(39,'thatthe'),(39,'abil-'),(39,'which'),(39,'do'),(39,'notban'),(39,'paid'),(39,'priori'),(39,'executive'),(39,'David'),(39,'Cohen'),(39,'News'),(39,'ite'),(39,'justbecause'),(39,'itowns'),(39,'ity'),(39,'to'),(39,'add'),(39,'paid'),(39,'prioritization'),(39,'tization'),(39,'or'),(39,'dealwith'),(39,'back-end'),(39,'press'),(39,'release.&quot;We'),(39,'agree'),(39,'with'),(39,'MSNBC.For'),(39,'many'),(39,'tech'),(39,'com-'),(39,'in'),(39,'the'),(39,'lastmile'),(39,'ofbroad-'),(39,'fees'),(39,'paid'),(39,'by'),(39,'companies.'),(39,'Or'),(39,'the'),(39,'Presidents'),(39,'principles'),(39,'on'),(39,'pan1es'),(39,'and'),(39,'act1v1sts,Netneu'),(39,'band'),(39,'vvires'),(39,'should'),(39,'notbe'),(39,'the'),(39,'agency'),(39,'could'),(39,'propose'),(39,'new'),(39,'Net'),(39,'neutrality&quot;'),(39,'Even'),(39,'Repub'),(39,'trality'),(39,'also'),(39,'means'),(39,'that'),(39,'ISPs'),(39,'considered'),(39,'a'),(39,'fast'),(39,'lane,'),(39,'since'),(39,'rules'),(39,'and'),(39,'reclassify'),(39,'broad-'),(39,'lican'),(39,'lawmakers,who'),(39,'were'),(39,'should'),(39,'notcollectfees'),(39,'from;'),(39,'consumers'),(39,'would'),(39,'stillget'),(39,'band'),(39,'under'),(39,'Title'),(39,'II,'),(39,'stretchin'),(39,'quick'),(39,'to'),(39,'slam'),(39,'Cbama&apos;s'),(39,'state'),(39,'web'),(39,'companies'),(39,'in'),(39,'exchange'),(39,'the'),(39,'rest'),(39,'of'),(39,'Internet'),(39,'traffic'),(39,'at'),(39,'a'),(39,'the'),(39,'process'),(39,'into'),(39,'2or6'),(39,'or'),(39,'be'),(39,'ment,'),(39,'praised'),(39,'the'),(39,'ide!'),(39,'of'),(39,'an'),(39,'for'),(39,'delivering'),(39,'their'),(39,'content'),(39,'normal'),(39,'speed.'),(39,'Most'),(39,'of'),(39,'Silicon'),(39,'yond.'),(39,'Republican'),(39,'lawmakers'),(39,'even'),(39,'playing'),(39,'field'),(39,'faster'),(39,'to'),(39,'Internetcustomers.'),(39,'Valley'),(39,'disagrees.Andadeep-'),(39,'argue'),(39,'thatany'),(39,'Net-neutrality'),(39,'Butthe'),(39,'same'),(39,'words'),(39,'don&apos;t'),(39,'The'),(39,'worry'),(39,'is'),(39,'thatsuch'),(39,'&quot;paid'),(39,'pocketed'),(39,'coalition'),(39,'oftech'),(39,'rules'),(39,'would'),(39,'gum'),(39,'up'),(39,'the'),(39,'free'),(39,'always'),(39,'ean'),(39,'the'),(39,'same'),(39,'thing'),(39,'rioritization&quot;'),(39,'agreements'),(39,'companies,'),(39,'including'),(39,'giants'),(39,'market'),(39,'online,'),(39,'while'),(39,'open'),(39,'especia'),(39,'ywhen'),(39,'s5oo-an-hour'),(39,'squeeze'),(39,'out'),(39,'small'),(39,'businesses'),(39,'e'),(39,'Google'),(39,'and'),(39,'Facebook,'),(39,'Internet'),(39,'groups'),(39,'point'),(39,'out'),(39,'lawyers'),(39,'are'),(39,'battling'),(39,'and'),(39,'tech'),(39,'startups'),(39,'thatcan&apos;tat1'),(39,'wantrules'),(39,'barring'),(39,'ISPs'),(39,'from'),(39,'thatthe'),(39,'marketis'),(39,'already'),(39,'the'),(39,'future'),(39,'ofamultibillion-'),(39,'ford'),(39,'the'),(39,'fastlane.'),(39,'ollecting'),(39,'payment'),(39,'from'),(39,'web'),(39,'dominated'),(39,'by'),(39,'a'),(39,'handful'),(39,'of'),(39,'dollar'),(39,'industry.'),(39,'The'),(39,'fact'),(39,'is'),(39,'companies'),(39,'at'),(39,'all'),(39,'cable'),(39,'and'),(39,'phone'),(39,'companies.'),(39,'that'),(39,'Obama,'),(39,'Republicans,'),(39,'the'),(39,'WHY'),(39,'l$'),(39,'lT'),(39,'UP'),(39,'F0R'),(39,'According'),(39,'to'),(39,'Wheeler,'),(39,'80%'),(39,'FCC.Silicon'),(39,'Valley'),(39,'and'),(39,'able'),(39,'DEBATE'),(39,'NowT'),(39,'WHAT'),(39,'Does'),(39,'osAMA'),(39,'WANT'),(39,'To'),(39,'ofAmericanswith'),(39,'access'),(39,'to'),(39,'ders'),(39,'are'),(39,'all'),(39,'preparing'),(39,'IN'),(39,'MAY'),(39,'HE'),(39,'1='),(39,'c'),(39,'PRoPos1ao'),(39,'oo'),(39,'ABoUT'),(39,'NET'),(39,'N£UmAu1&apos;YT'),(39,'high-speed'),(39,'broadband'),(39,'have'),(39,'for'),(39,'a'),(39,'major'),(39,'showdown'),(39,'over'),(39,'new'),(39,'rules'),(39,'that'),(39,'prohibited'),(39,'oim1vm'),(39,'cAMPAiGNED'),(39,'IN'),(39,'only'),(39,'one'),(39,'choice'),(39,'of'),(39,'ISP'),(39,'With'),(39,'the'),(39,'rules'),(39,'that'),(39,'dictate'),(39,'how'),(39,'ISPsfrom'),(39,'blocking'),(39,'or'),(39,'slowing'),(39,'2008'),(39,'onapromise'),(39,'to'),(39,'enforce'),(39,'powerfulinterests'),(39,'on'),(39,'both'),(39,'the'),(39,'Intemet'),(39,'is'),(39,'delivered'),(39,'to'),(39,'legal'),(39,'Internet'),(39,'traffic,'),(39,'but'),(39,'it'),(39,'did'),(39,'Net'),(39,'neutrality'),(39,'but'),(39,'mostly'),(39,'sides'),(39,'of'),(39,'the'),(39,'debate,'),(39,'the'),(39,'battle'),(39,'your'),(39,'home.'),(39,'The'),(39,'stakes'),(39,'are'),(39,'not'),(39,'ban'),(39,'paid'),(39,'pr1oritization,'),(39,'avoided'),(39,'the'),(39,'controversy'),(39,'until'),(39,'won&apos;t'),(39,'be'),(39,'over'),(39,'anytime'),(39,'soon.'),(39,'l'),(40,'troducing'),(40,'PHP'),(40,'&amp;'),(40,'MySQL'),(40,'The'),(40,'most'),(40,'appealing'),(40,'modern'),(40,'websites'),(40,'provide'),(40,'a'),(40,'customized'),(40,'user'),(40,'experience'),(40,'by'),(40,'dynamically'),(40,'responding'),(40,'to'),(40,'some'),(40,'current'),(40,'conditions'),(40,'-'),(40,'user'),(40,'name,'),(40,'time'),(40,'of'),(40,'day,'),(40,'latest'),(40,'blog,'),(40,'shopp1ng'),(40,'cart'),(40,'contents,'),(40,'etc'),(40,'Many'),(40,'of'),(40,'these'),(40,'dynamic'),(40,'websites'),(40,'are'),(40,'created'),(40,'w1th'),(40,'PHP'),(40,'and'),(40,'MySL'),(40,'What'),(40,'is'),(40,'PHPT'),(40,'PHP'),(40,'is'),(40,'a'),(40,'widely-used'),(40,'general'),(40,'purpose'),(40,'scripting'),(40,'language'),(40,'that'),(40,'is'),(40,'especially'),(40,'suited'),(40,'for'),(40,'web'),(40,'development'),(40,'and'),(40,'can'),(40,'be'),(40,'embedded'),(40,'into'),(40,'HTML.'),(40,'It'),(40,'was'),(40,'created'),(40,'by'),(40,'programmer'),(40,'Rasmus'),(40,'Lerdorf'),(40,'as'),(40,'a'),(40,'set'),(40,'of'),(40,'scripts'),(40,'to'),(40,'ma1nta1n'),(40,'his'),(40,'website'),(40,'that'),(40,'he'),(40,'released'),(40,'as'),(40,'&quot;Personal'),(40,'Home'),(40,'Page'),(40,'Tools'),(40,'(PHP'),(40,'Tools)'),(40,'version'),(40,'1.0&quot;'),(40,'on'),(40,'June'),(40,'8,'),(40,'1995.'),(40,'These'),(40,'were'),(40,'extended'),(40,'1n'),(40,'the'),(40,'version'),(40,'2'),(40,'release'),(40,'of'),(40,'1997,'),(40,'and'),(40,'the'),(40,'name'),(40,'changed'),(40,'0'),(40,'become'),(40,'a'),(40,'recursive'),(40,'acronym'),(40,'&quot;PHP'),(40,'Hypertext'),(40,'Preprocessor&quot;'),(40,'in'),(40,'vers1on'),(40,'3'),(40,'the'),(40,'following'),(40,'year'),(40,'Performance,'),(40,'reliability'),(40,'and'),(40,'ens1bi1ity'),(40,'was'),(40,'improved'),(40,'in'),(40,'2000'),(40,'with'),(40,'the'),(40,'release'),(40,'of'),(40,'PHP4'),(40,'which'),(40,'was'),(40,'powered'),(40,'by'),(40,'the'),(40,'new'),(40,'Zend'),(40,'engine'),(40,'-'),(40,'a'),(40,'virtual'),(40,'machine.'),(40,'The'),(40,'current'),(40,'vers1on'),(40,'PHP5'),(40,'is'),(40,'powered'),(40,'by'),(40,'the'),(40,'Zend'),(40,'II'),(40,'engine'),(40,'nd'),(40,'produced'),(40,'as'),(40,'free'),(40,'software'),(40,'by'),(40,'the'),(40,'PHP'),(40,'group.'),(40,'Toda)5'),(40,'PHP'),(40,'iS'),(40,'nstalled'),(40,'on'),(40,'over'),(40,'20'),(40,'million'),(40,'websi'),(40,'s'),(40,'and'),(40,'1'),(40,'million'),(40,'web'),(40,'servers.'),(40,'What'),(40,'is'),(40,'MySQL7'),(40,'MyS'),(40,'L'),(40,'1s'),(40,'the'),(40,'world&apos;s'),(40,'most'),(40,'popular'),(40,'database'),(40,'software.'),(40,'It'),(40,'is'),(40,'used'),(40,'t9'),(40,'managfi'),(40,'S1TOrECl'),(40,'data'),(40,'and'),(40,'is'),(40,'described'),(40,'as'),(40,'DataBaSe'),(40,'Management'),(40,'Software'),(40,'(DBMS)'),(40,'or'),(40,'Relational'),(40,'DataBase'),(40,'Management'),(40,'Softwélf'),(40,'RDBMS)'),(40,'MyS'),(40,'L'),(40,'was'),(40,'created'),(40,'by'),(40,'Michael'),(40,'Wilden1us'),(40,'and'),(40,'Davl'),(40,'Axmark'),(40,'back'),(40,'1n'),(40,'1995'),(40,'It'),(40,'name'),(40,'('),(40,'My'),(40,'S'),(40,'L&apos;'),(40,'officially'),(40,'but'),(40,'often'),(40,'4&lt;'),(40,'7'),(40,'pronounce'),(40,'&quot;MY'),(40,'S€q11€1&quot;'),(40,'is'),(40,'a'),(40,'ombinanon'),(40,'Of'),(40,'M1€haEl&apos;€'),(40,'daught€;'),(40,'nan&quot;'),(40,'('),(40,'and'),(40,'the'),(40,'term'),(40,'&quot;'),(40,'&quot;'),(40,'cture'),(40,'ue'),(40,'an'),(40,'8'),(40,'e'),(40,'y'),(40,'WaS'),(40,'1'),(40,'1&apos;0'),(40,'CS'),(40,'t'),(40,'e'),(40,'com'),(40,'an'),(40,'Il'),(40,'Its'),(40,'create'),(40,'W'),(40,'Ic'),(40,'II'),(40,'was'),(40,'ac'),(40,'u1red'),(40,'by'),(40,'Sun'),(40,'1CfO'),(40,'Hd'),(40,'subs'),(40,'te'),(40,'9'),(40,'by'),(40,'O'),(40,'acle'),(40,'rrpnf'),(40,'VCYS10'),(41,'PHP'),(41,'are'),(41,'€'),(41,'e'),(41,'enS1t1ve'),(41,'so'),(41,'$'),(41,'Note'),(41,'that'),(41,'variable'),(41,'names'),(41,'1I1'),(41,'name'),(41,'6'),(41,',Hate'),(41,'md1v1dua1'),(41,'variables'),(41,'Name,'),(41,'and'),(41,'$NAME'),(41,'are'),(41,'three'),(41,'s'),(41,'pé'),(41,'('),(41,'1'),(41,'ed&quot;'),(41,'meaning'),(41,'they'),(41,'can'),(41,'(:()n&apos;['),(41,'PHP'),(41,'variables'),(41,'are'),(41,'*'),(41,'loose'),(41,'y'),(41,'tYp'),(41,'alf]'),(41,'data'),(41,'1'),(41,'€d&quot;var1ables'),(41,'in'),(41,'some'),(41,'ia'),(41,'of'),(41,'any'),(41,'type,'),(41,'unlike'),(41,'&quot;strong'),(41,'y'),(41,'nguages'),(41,'b'),(41,'ecnied'),(41,'when'),(41,'the'),(41,'variable'),(41,'IS'),(41,'where'),(41,'the'),(41,'data'),(41,'type'),(41,'must'),(41,'e'),(41,'sp'),(41,'CI&quot;Eate'),(41,'S'),(41,'PHP'),(41,'Variable'),(41,'may'),(41,'happily'),(41,'€Onta1n'),(41,'an'),(41,'Integer'),(41,'number,'),(41,'Or'),(41,'a'),(41,'Hoating'),(41,'point'),(41,'number,'),(41,'or'),(41,'a'),(41,'str1n'),(41,'of'),(41,'text'),(41,'characters'),(41,'or'),(41,'B'),(41,'&apos;'),(41,'a'),(41,'001€an'),(41,'v'),(41,'ue'),(41,'Of'),(41,'TRUE'),(41,'Or'),(41,'FALSE,'),(41,'or'),(41,'an'),(41,'ObjEC&apos;f,'),(41,'Of'),(41,'8'),(41,'NULL'),(41,'€mpty'),(41,'value'),(41,'A'),(41,'vanable'),(41,'13'),(41,'(j1&apos;Ea[Ed'),(41,'11&quot;1'),(41,'21'),(41,'PHP'),(41,'Script'),(41,'Slrnply'),(41,'by'),(41,'Stating'),(41,'its'),(41,'name'),(41,'&quot;Ihe'),(41,'variable'),(41,'can'),(41,'then'),(41,'be'),(41,'assigned'),(41,'an'),(41,'1n1t1al'),(41,'value'),(41,'(1n1t1al1zed)'),(41,'by'),(41,'sing'),(41,'the'),(41,'assignment'),(41,'operator'),(41,'to'),(41,'state'),(41,'its'),(41,'value'),(41,'&apos;this'),(41,'statemen'),(41,'and'),(41,'all'),(41,'others'),(41,'in'),(41,'PHR'),(41,'must'),(41,'end'),(41,'with'),(41,'a'),(41,'semi-colon'),(41,'like'),(41,'this;'),(41,'$body'),(41,'temp'),(41,'='),(41,'98.6'),(41,'The'),(41,'value'),(41,'contained'),(41,'w1th1n'),(41,'the'),(41,'variable'),(41,'can'),(41,'then'),(41,'be'),(41,'displayed'),(41,'by'),(41,'referencing'),(41,'1t'),(41,'using'),(41,'the'),(41,'variable'),(41,'name'),(41,'like'),(41,'th1s'),(41,'echo'),(41,'$body'),(41,'temp'),(41,'Usefully,'),(41,'the'),(41,'var1ab1e&apos;s'),(41,'value'),(41,'can'),(41,'be'),(41,'d'),(41,'1'),(41,'d'),(41,'t'),(41,'f'),(41,'1sp'),(41,'aye'),(41,'as'),(41,'par'),(41,'o'),(41,'a'),(41,'m1xe'),(41,'string'),(41,'by'),(41,'enclosing'),(41,'the'),(41,'string'),(41,'and'),(41,'variable'),(41,'name'),(41,'in'),(41,'double'),(41,'uc;'),(41,'GSJ'),(41,'e'),(41,'ho'),(41,'&quot;BUd!&apos;'),(41,'tEmpEr€*tUFE'),(41,'is'),(41,'$body'),(41,'t'),(41,'mp'),(41,'degrees'),(41,'Fahrenheit&quot;'),(41,'The'),(41,'double'),(41,'quotes'),(41,'ensure'),(41,'that'),(41,'PHP'),(41,'will'),(41,'evaluate'),(41,'the'),(41,'whole'),(41,'sta'),(41,'g'),(41,'nd'),(41,'s'),(41,'bst1tute'),(41,'n'),(41,'med'),(41,'variables'),(41,'with'),(41,'their'),(41,'stored'),(41,'values'),(41,'&quot;lh1S'),(41,'feature'),(41,'does'),(41,'ot'),(41,'work'),(41,'f'),(41,'h'),(41,'1'),(41,'É'),(41,'6'),(41,'string'),(41,'is'),(41,'enclosed'),(41,'in'),(41,'s1ng1€'),(41,'(1110teS'),(42,'Oral'),(42,'History'),(42,'Project:'),(42,'Hist.'),(42,'228L'),(42,'Fall,'),(42,'2014.'),(42,'Prof'),(42,'Reitler'),(42,'History'),(42,'has'),(42,'traditionally'),(42,'been'),(42,'**wr1tten'),(42,'from'),(42,'the'),(42,'top'),(42,'rail'),(42,'&quot;'),(42,'That'),(42,'means,'),(42,'most'),(42,'historical'),(42,'study'),(42,'has'),(42,'been'),(42,'about'),(42,'the'),(42,'world'),(42,'s'),(42,'political'),(42,'leaders'),(42,'and'),(42,'more'),(42,'influential'),(42,'classes'),(42,'ln'),(42,'the'),(42,'past,'),(42,'historians'),(42,'have'),(42,'ocused'),(42,'on'),(42,'the'),(42,'issues'),(42,'and'),(42,'events'),(42,'that'),(42,'frequently'),(42,'seem'),(42,'to'),(42,'be'),(42,'precipitated'),(42,'by'),(42,'the'),(42,'actions'),(42,'Ofa'),(42,'*power'),(42,'elite'),(42,'&quot;'),(42,'Until'),(42,'recently,'),(42,'the'),(42,'history'),(42,'of'),(42,'ordinary'),(42,'everyday'),(42,'citizens'),(42,'had'),(42,'largely'),(42,'been'),(42,'left'),(42,'out'),(42,'the'),(42,'historical'),(42,'picture'),(42,'During'),(42,'the'),(42,'later'),(42,'20&quot;&apos;'),(42,'century'),(42,'up'),(42,'to'),(42,'the'),(42,'present,'),(42,'many'),(42,'fine'),(42,'historical'),(42,'works'),(42,'have'),(42,'been'),(42,'wntten'),(42,'concemmg'),(42,'our'),(42,'country&apos;s'),(42,'populous,'),(42,'but'),(42,'those'),(42,'works'),(42,'remain'),(42,'dwarfed'),(42,'by'),(42,'traditional'),(42,'studies'),(42,'of'),(42,'American'),(42,'history'),(42,'It'),(42,'is'),(42,'everyday'),(42,'people'),(42,'that'),(42,'make'),(42,'up'),(42,'most'),(42,'of'),(42,'the'),(42,'Opu'),(42,'at1on,'),(42,'and'),(42,'1'),(42,'stands'),(42,'to'),(42,'reason'),(42,'that'),(42,'they'),(42,'should'),(42,'dominate'),(42,'a'),(42,'much'),(42,'larger'),(42,'portion'),(42,'of'),(42,'the'),(42,'historical'),(42,'picture'),(42,'The'),(42,'stories'),(42,'of'),(42,'the'),(42,'common'),(42,'man'),(42,'woman'),(42,'are'),(42,'1'),(42,'st1umental'),(42,'to'),(42,'a'),(42,'true'),(42,'understanding'),(42,'of'),(42,'any'),(42,'histoncal'),(42,'era.'),(42,'This'),(42,'oral'),(42,'history'),(42,'1nvestigat'),(42,'on'),(42,'will'),(42,'explore'),(42,'the'),(42,'lives'),(42,'of'),(42,'one'),(42,'f'),(42,'those'),(42,'people'),(42,'Your'),(42,'task'),(42,'ere'),(42,'1s'),(42,'a'),(42,'airly'),(42,'simple'),(42,'one'),(42,'You'),(42,'will'),(42,'create'),(42,'a'),(42,'research'),(42,'paper'),(42,'that'),(42,'is'),(42,'based'),(42,'largely'),(42,'on'),(42,'an'),(42,'first'),(42,'person'),(42,'auto'),(42,'biography'),(42,'(interview)'),(42,'with'),(42,'a'),(42,'person'),(42,'who'),(42,'was'),(42,'an'),(42,'active'),(42,'participant'),(42,'in'),(42,'the'),(42,'istory'),(42,'of'),(42,'the'),(42,'eriocl'),(42,'between'),(42,'1929'),(42,'1980'),(42,'No'),(42,'quest'),(42,'ons'),(42,'will'),(42,'appear'),(42,'in'),(42,'the'),(42,'bio'),(42,'portion'),(42,'of'),(42,'your'),(42,'roject'),(42,'You'),(42,'should'),(42,'meet'),(42,'with'),(42,'me'),(42,'at'),(42,'least'),(42,'once'),(42,'to'),(42,'discuss'),(42,'the'),(42,'focus'),(42,'of'),(42,'our'),(42,'ro&apos;ect'),(42,'within'),(42,'the'),(42,'next'),(42,'two'),(42,'to'),(42,'three'),(42,'weeks'),(42,'Before'),(42,'our'),(42,'meeting,'),(42,'you'),(42,'should'),(42,'first'),(42,'have'),(42,'selected'),(42,'your'),(42,'interview'),(42,'person'),(42,'and'),(42,'have'),(42,'a'),(42,'inn'),(42,'idea'),(42,'of'),(42,'some'),(42,'of'),(42,'the'),(42,'era'),(42,'and'),(42,'events'),(42,'your'),(42,'project'),(42,'will'),(42,'focus'),(42,'on.'),(42,'N'),(42,'xt,'),(42,'you'),(42,'should'),(42,'ave'),(42,'prepared'),(42,'a'),(42,'1'),(42,'st'),(42,'of'),(42,'questions'),(42,'to'),(42,'ask'),(42,'your'),(42,'person'),(42,'as'),(42,'well'),(42,'as'),(42,'a'),(42,'providing'),(42,'m='),(42,'a'),(42,'list'),(42,'of'),(42,'books'),(42,'an'),(42,'articles'),(42,'on'),(42,'the'),(42,'subject'),(42,'First='),(42,'Pick'),(42,'11'),(42,'topic'),(42,'and'),(42,'an'),(42,'interview'),(42,'subject.'),(42,'Decid&quot;'),(42,'wh'),(42,'t'),(42,'era'),(42,'and'),(42,'person'),(42,'you'),(42,'are'),(42,'interested'),(42,'in'),(42,'s'),(42,'dying,'),(42,'and'),(42,'interviewing.'),(42,'Please'),(42,'do'),(42,'not'),(42,'choose'),(42,'to'),(42,'interview'),(42,'one'),(42,'of'),(42,'your'),(42,'parents'),(42,'or'),(42,'an'),(42,'employee'),(42,'of'),(42,'Marist'),(42,'College'),(42,'You'),(42,'could'),(42,'first'),(42,'f'),(42,'d'),(42,'an'),(42,'teresting'),(42,'rson'),(42,'o'),(42,'interview,'),(42,'and'),(42,'then'),(42,'focus'),(42,'your'),(42,'study'),(42,'around'),(42,'the'),(42,'era'),(42,'they'),(42,'will'),(42,'talk'),(42,'about,'),(42,'or'),(42,'choose'),(42,'the'),(42,'period'),(42,'that'),(42,'interests'),(42,'you'),(42,'first,'),(42,'and'),(42,'then'),(42,'try'),(42,'to'),(42,'find'),(42,'an'),(42,'1nterviewee'),(42,'that'),(42,'xp&quot;rienced'),(42,'ife'),(42,'d'),(42,'&apos;ng'),(42,'that'),(42,'period.'),(42,'You'),(42,'then'),(42,'will'),(42,'decide'),(42,'specifically'),(42,'what'),(42,'topics'),(42,'your'),(42,'interview'),(42,'will'),(42,'cov;r'),(42,'Second='),(42,'Do'),(42,'the'),(42,'research'),(42,'Investigate'),(42,'your'),(42,'topic'),(42,'Read'),(42,'from'),(42,'some'),(42,'histori'),(42,'al'),(42,'books'),(42,'(not'),(42,'merely'),(42,'your'),(42,'textbook)'),(42,'on'),(42,'the'),(42,'ubject'),(42,'and'),(42,'from'),(42,'four'),(42,'or'),(42,'more'),(42,'ainstream'),(42,'periodical'),(42,'references'),(42,'suc'),(42,'as'),(42,'magazines'),(42,'newspapers,'),(42,'or'),(42,'scholarly'),(42,'joumals.'),(42,'At'),(42,'least'),(42,'three'),(42,'of'),(42,'the'),(42,'periodic'),(42,'references'),(42,'must'),(42,'be'),(42,'fro'),(42,'the'),(42,'time'),(42,'period'),(42,'your'),(42,'paper'),(42,'focuses'),(42,'on,'),(42,'and'),(42,'you'),(42,'must'),(42,'use'),(42,'at'),(42,'least'),(42,'four'),(42,'different'),(42,'major'),(42,'publications'),(42,'that'),(42,'were'),(42,'in'),(42,'print'),(42,'and'),(42,'direct]'),(42,'relate'),(42,'to'),(42,'our'),(42,'Sub&apos;ects'),(42,'sto'),(42,'o'),(42,'not'),(42,'merely'),(42,'rely'),(42,'on'),(42,'the'),(42,'NY'),(42,'Times'),(42,'back-file&apos;'),(42,'Please'),(42,'su'),(42,'ml'),(42,'me'),(42,'with'),(42,'a'),(42,'co'),(42,'of'),(42,'each'),(42,'of'),(42,'our'),(42,'eriodical'),(42,'sources'),(42,'You'),(42,'must'),(42,'not'),(42,'use'),(42,'an'),(42,'internet'),(42,'sources'),(42,'that'),(42,'have'),(42,'not'),(42,'been'),(42,'ublished'),(42,'in'),(42,'rint&apos;'),(42,'You'),(42,'ill'),(42,'los'),(42,'points'),(42,'fo'),(42,'poor'),(42,'research&apos;'),(42,'A'),(42,'ood'),(42,'place'),(42,'to'),(42,'Ook'),(42,'for'),(42,'authoritative'),(42,'boo'),(42,'s'),(42,'on'),(42,'our'),(42,'topic'),(42,'is'),(42,'the'),(42,'*&apos;B1b110graphical'),(42,'Essay&quot;'),(42,'t'),(42,'the'),(42,'end'),(42,'0'),(42,'Unfinished'),(42,'Joumey.'),(42,'I'),(42,'will'),(42,'be'),(42,'happy'),(42,'to'),(42,'suggest'),(42,'books'),(42,'or'),(42,'ources'),(42,'to'),(42,'use'),(42,'in'),(42,'your'),(42,'proje'),(42,'t'),(42,'Third='),(42,'Prepare'),(42,'and'),(42,'conduct'),(42,'the'),(42,'interview'),(42,'After'),(42,'reading'),(42,'and'),(42,'researching'),(42,'on'),(42,'an'),(42,'era'),(42,'or'),(42,'event'),(42,'ou'),(42,'are'),(42,'ocus1ng'),(42,'on,'),(42,'make'),(42,'a'),(42,'lis'),(42,'of'),(42,'at'),(42,'least'),(42,'0'),(42,'15'),(42,'thought'),(42,'provoking'),(42,'uest1ons'),(42,'about'),(42,'your'),(42,'subjects'),(42,'history,'),(42,'not'),(42,'his'),(42,'opinions'),(42,'on'),(42,'the'),(42,'history'),(42,'0'),(42,'s'),(42,'era'),(42,'Make'),(42,'sure'),(42,'you'),(42,'have'),(42,'don'),(42,'your'),(42,'reading'),(42,'before'),(42,'ou'),(42,'write'),(42,'your'),(42,'questions'),(42,'and'),(42,'con'),(42,':'),(42,'oct'),(42,'the'),(42,'interview.'),(42,'The'),(42,'interview'),(42,'may'),(42,'not'),(42,'be'),(42,'conducted'),(42,'by'),(42,'e'),(42,'mail,'),(42,'skype,'),(42,'or'),(42,'telephone&apos;'),(43,'Cold'),(43,'War'),(43,'Timeline:'),(43,'1945-1960'),(43,'1945'),(43,'FDR'),(43,'dies-'),(43,'Truman'),(43,'becomes'),(43,'President'),(43,'U.S.'),(43,'uses'),(43,'atomic'),(43,'bomb'),(43,'in'),(43,'Hiroshima'),(43,'&amp;'),(43,'Nagasaki--WWII'),(43,'ends'),(43,'1946'),(43,'Churchill&apos;s'),(43,'Iron'),(43,'Curtain'),(43,'speech'),(43,'Secy'),(43,'of'),(43,'Commerce'),(43,'Henry'),(43,'Wallace'),(43,'attacks'),(43,'U.S.'),(43,'policy'),(43,'for'),(43,'alienating'),(43,'the'),(43,'Soviet'),(43,'Union--Truman'),(43,'fires'),(43,'Wallace'),(43,'Russians'),(43,'withdraw'),(43,'from'),(43,'Iran'),(43,'Hungary'),(43,'and'),(43,'Turkey'),(43,'George'),(43,'ennan'),(43,'sends,'),(43,'&quot;Long'),(43,'Telegram.'),(43,'It'),(43,'outlines'),(43,'program'),(43,'of'),(43,'containment.'),(43,'1947'),(43,'Huge'),(43,'gains'),(43,'for'),(43,'Repubs'),(43,'in'),(43,'Cong.'),(43,'elections-'),(43,'gain'),(43,'control'),(43,'of'),(43,'H'),(43,'&amp;'),(43,'S'),(43,'Truman'),(43,'a1mounces'),(43,'the'),(43,'&quot;Truman'),(43,'Doctrine'),(43,'that'),(43,'gives'),(43,'aid'),(43,'to'),(43,'all'),(43,'nations'),(43,'fighting'),(43,'Communism'),(43,'Truman'),(43,'establishes'),(43,'a'),(43,'Federal'),(43,'Intemal'),(43,'Security'),(43,'Program'),(43,'(Loyalty'),(43,'Review'),(43,'Board)'),(43,'Con='),(43,'ess'),(43,'passes'),(43,'the'),(43,'National'),(43,'Security'),(43,'Act'),(43,'-'),(43,'creates'),(43,'new'),(43,'Dept.'),(43,'of'),(43,'Defense'),(43,'-'),(43,'creates'),(43,'National'),(43,'Security'),(43,'Counc11'),(43,'-'),(43,'creates'),(43,'C.I.A.'),(43,'House'),(43,'Un-American'),(43,'Activities'),(43,'ommittee'),(43,'1mtiates'),(43,'hearings'),(43,'on'),(43,'the'),(43,'Communist'),(43,'threat'),(43,'in'),(43,'the'),(43,'U.S.'),(43,'1948'),(43,'Congress'),(43,'passes'),(43,'the'),(43,'Marshall'),(43,'Plan-'),(43,'economic'),(43,'aid'),(43,'to'),(43,'Westem'),(43,'Europe'),(43,'ot1on'),(43,'Picture'),(43,'Assoc.'),(43,'armounces'),(43,';blacklist&apos;'),(43,'policy'),(43,'for'),(43,'ose'),(43,'who'),(43,'refuse'),(43,'to'),(43,'cooperate'),(43,'with'),(43,'HUAC'),(43,'4-way'),(43,'ores.'),(43,'race:'),(43,'Dewey'),(43,'(R),'),(43,'Truman'),(43,'(D),'),(43,'Wallace'),(43,'(P),'),(43,'Thurmond'),(43,'Alger'),(43,'Hiss'),(43,'charged'),(43,'as'),(43,'a'),(43,'spy'),(43,'1949'),(43,'USSR'),(43,'explodes'),(43,'atomic'),(43,'bomb'),(43,'Comm'),(43,'sts'),(43,'win'),(43,'civil'),(43,'war'),(43,'in'),(43,'China'),(43,'Berlin'),(43,'blockade'),(43,'and'),(43,'Airlift'),(43,'U.S.'),(43,'joins'),(43,'NATO'),(43,'Force'),(43,'(formed'),(43,'in'),(43,'1948)'),(43,'Maryland'),(43,'passes'),(43,'Ober'),(43,'Law:'),(43,'established'),(43,'security'),(43,'program'),(43,'for'),(43,'all'),(43,'state'),(43,'employees-'),(43,'model'),(43,'for'),(43,'37'),(43,'other'),(43,'states'),(43,'&amp;'),(43,'hundreds'),(43,'of'),(43,'cities'),(43,'1950'),(43,'North'),(43,'Korea'),(43,'invades'),(43,'South'),(43,'Korea'),(43,'Congress'),(43,'passes'),(43,'the'),(43,'Intemal'),(43,'Security'),(43,'Act'),(43,'-expands'),(43,'role'),(43,'of'),(43,'FBI'),(43,'Joseph'),(43,'McCarthy'),(43,'charges'),(43,'Communists'),(43,'in'),(43,'the'),(43,'State'),(43,'Dept.'),(43,'NSC-68'),(43,'outlines'),(43,'program'),(43,'of'),(43,'military'),(43,'bluldup'),(43,'Alger'),(43,'Hiss'),(43,'convicted'),(43,'of'),(43,'perjury'),(43,'1951'),(43,'Julius'),(43,'&amp;'),(43,'Ethel'),(43,'Rosenberg'),(43,'convicted'),(43,'of'),(43,'espionage-'),(43,'sentenced'),(43,'to'),(43,'death'),(43,'1953'),(43,'Rosenbergs'),(43,'executed'),(43,'Korean'),(43,'War'),(43,'ends'),(43,'as'),(43,'stalemate'),(43,'1954'),(43,'Communist'),(43,'Party'),(43,'outlawed'),(43,'by'),(43,'act'),(43,'of'),(43,'Congress'),(43,'Frenchl'),(43,'lose'),(43,'battle'),(43,'of'),(43,'D1en'),(43,'Bien'),(43,'Phu.'),(43,'Sets'),(43,'stage'),(43,'for'),(43,'increased'),(43,'U.S.'),(43,'involvement'),(43,'in'),(43,'Viet'),(43,'Nam'),(43,'1956'),(43,'Suez'),(43,'Canal'),(43,'Crisis'),(43,'Russians'),(43,'occupy'),(43,'Hungary'),(43,'1957'),(43,'Soviets'),(43,'launch'),(43,'Sputnik'),(43,'1959'),(43,'Fidel'),(43,'Castro'),(43,'overthrows'),(43,'the'),(43,'Batista'),(43,'regime'),(43,'and'),(43,'begin'),(43,'to'),(43,'establish'),(43,'ac'),(43,'communist'),(43,'gov&apos;t'),(43,'in'),(43,'Cuba'),(43,'assisted'),(43,'by'),(43,'the'),(43,'So'),(43,'1960'),(43,'U-2'),(43,'I'),(43,'cident'),(43,'-'),(43,'Spy'),(43,'plane'),(43,'is'),(43,'shot'),(43,'down'),(43,'over'),(43,'USSR.'),(43,'Eisenhower'),(43,'denies'),(43,'it'),(43,'was'),(43,'a'),(43,'spy'),(43,'plane,'),(43,'then'),(43,'admits'),(43,'1t.'),(43,'John'),(43,'Fitzgerald'),(43,'Kennedy'),(43,'elected'),(43,'President'),(44,'The'),(44,'Origins'),(44,'of'),(44,'the'),(44,'Postwar'),(44,'International'),(44,'System'),(44,'THOMAS'),(44,'G.'),(44,'PATERSON'),(44,'Winston'),(44,'S.'),(44,'Churchill'),(44,'wore'),(44,'his'),(44,'usua'),(44,'bulldog'),(44,'v1sage.'),(44,'The'),(44,'ever-pres'),(44,'cigar'),(44,'and'),(44,'hunched'),(44,'gait,'),(44,'other'),(44,'familiar'),(44,'trademarks'),(44,'of'),(44,'the'),(44,'British'),(44,'prime'),(44,'minister,'),(44,'also'),(44,'rew'),(44,'the'),(44,'crowd&apos;s'),(44,'attention'),(44,'on'),(44,'that'),(44,'very'),(44,'hot'),(44,'day'),(44,'of'),(44,'July'),(44,'l'),(44,'6'),(44,'1945.'),(44,'He'),(44,'was'),(44,'su'),(44,'eying'),(44,'th'),(44,'dusty'),(44,'remains'),(44,'of'),(44,'the'),(44,'Nazi'),(44,'capital-'),(44,'That'),(44,'rubble'),(44,'heap'),(44,'near'),(44,'Potsdam.&apos;'),(44,'murmured'),(44,'one'),(44,'Berliner.'),(44,'This'),(44,'time'),(44,'a'),(44,'preoccupied'),(44,'Churchill'),(44,'evmced'),(44,'little'),(44,'interest'),(44,'in'),(44,'his'),(44,'curious'),(44,'onlookers.'),(44,'What'),(44,'captured'),(44,'Churchill&apos;s'),(44,'attention'),(44,'in'),(44,'Berlin'),(44,'was'),(44,'the'),(44,'grisly'),(44,'aftermath'),(44,'of'),(44,'heavy'),(44,'Allied'),(44,'bombing'),(44,'and'),(44,'artillery'),(44,'fire'),(44,'and'),(44,'stout'),(44,'German'),(44,'resistance.'),(44,'He'),(44,'and'),(44,'the'),(44,'passengers'),(44,'in'),(44,'his'),(44,'otorcade'),(44,'grew'),(44,'sick.'),(44,'utterly'),(44,'stunned'),(44,'by'),(44,'the'),(44,'stark'),(44,'display'),(44,'of'),(44,'camage'),(44,'in'),(44,'the'),(44,'humbled'),(44,'German'),(44,'city.'),(44,'The'),(44,'prime'),(44,'minister'),(44,'entered'),(44,'what'),(44,'was'),(44,'left'),(44,'of'),(44,'Adolf'),(44,'Hitler&apos;s'),(44,'C'),(44,'ancell€i&apos;Y•'),(44,'The'),(44,'Filhrer&apos;s'),(44,'marble-topped'),(44,'desk'),(44,'lay'),(44,'in'),(44,'a'),(44,'thousand'),(44,'pieces.'),(44,'Iron'),(44,'Crosses,'),(44,'military'),(44,'ribbons,'),(44,'and'),(44,'papers'),(44,'littered'),(44,'the'),(44,'floor'),(44,'The'),(44,'British'),(44,'visitors'),(44,'picked'),(44,'u'),(44,'souvenir'),(44,'•'),(44,'one'),(44,'pocketed'),(44,'a'),(44,'fragment'),(44,'of'),(44,'l-litler&apos;s'),(44,'world'),(44,'map.'),(44,'The'),(44,'descent'),(44,'into'),(44,'the'),(44,'damp'),(44,'hideaway'),(44,'carried'),(44,'great'),(44,'moment'),(44,'for'),(44,'Churchill,'),(44,'who'),(44,'uncharacteristically,'),(44,'said'),(44,'little.'),(44,'Shaken'),(44,'by'),(44,'what'),(44,'he'),(44,'saw'),(44,'General'),(44,'i-l.'),(44,'L'),(44,'lsmay'),(44,'hurried'),(44,'away'),(44,'to'),(44,'his'),(44,'villa'),(44,'to'),(44,'take'),(44,'a'),(44,'hot'),(44,'bath'),(44,'and'),(44,'a'),(44,'strong'),(44,'drink.'),(44,'That'),(44,'night'),(44,'Churchill'),(44,'final]'),(44,'talked'),(44,'about'),(44,'his'),(44,'visit'),(44,'to'),(44,'the'),(44,'Chancellery.'),(44,'&quot;lt'),(44,'was'),(44,'from'),(44,'there'),(44,'that'),(44,'1t1er'),(44,'planned'),(44,'to'),(44,'govern'),(44,'the'),(44,'world,&quot;'),(44,'he'),(44,'mused.'),(44,'&quot;A'),(44,'good'),(44,'many'),(44,'have'),(44,'tried'),(44,'that,'),(44,'all'),(44,'failed.&quot;'),(44,'Savormg'),(44,'the'),(44,'Allied'),(44,'victory,'),(44,'the'),(44,'prime'),(44,'minister'),(44,'smiled'),(44,'con-'),(44,'ten'),(44,'edly'),(44,'and'),(44,'went'),(44,'to'),(44,'bed'),(44,'The'),(44,'president'),(44,'of'),(44,'the'),(44,'United'),(44,'States.'),(44,'Harry'),(44,'S'),(44,'Truman,'),(44,'surveyed'),(44,'Berlin'),(44,'that'),(44,'same'),(44,'After'),(44,'review;'),(44,'g'),(44,'the'),(44,'American'),(44,'Second'),(44,'Armored'),(44,'Division,'),(44,'the'),(44,'president'),(44,'led'),(44,'his'),(44,'entourage'),(44,'down'),(44,'the'),(44,'lhelmstrasse'),(44,'to'),(44,'the'),(44,'Chancellery'),(44,'of'),(44,'the'),(44,'Third'),(44,'Reich,'),(44,'all'),(44,'th'),(44,'ile'),(44,'growing'),(44,'more'),(44,'awestruek'),(44,'by'),(44,'the'),(44,'destruction'),(44,'of'),(44,'the'),(44,'city.'),(44,'&apos;*&apos;l&apos;hat&apos;s'),(44,'what'),(44,'happens,'),(44,'marked'),(44,'&quot;when'),(44,'a'),(44,'man'),(44,'overreaches'),(44,'hims=lf'),(44,'For'),(44,'two'),(44,'hours'),(44,'Truman'),(44,'rode'),(44,'through'),(44,'Berlin&apos;s'),(44,'streets'),(44,'l'),(44,'was'),(44,'thankful,&quot;'),(44,'he'),(44,'noted'),(44,'later,'),(44,'&quot;that'),(44,'the'),(44,'United'),(44,'States'),(44,'had'),(44,'been'),(44,'spared'),(44,'the'),(44,'unbelievable'),(44,'devastation'),(44,'of'),(44,'this'),(44,'war.'),(44,'At'),(44,'the'),(44,'time'),(44,'65'),(44,'to'),(44,'75'),(44,'cercent'),(44,'of'),(44,'Berlin'),(44,'was'),(44,'leveled'),(44,'or'),(44,'damaged.'),(44,'General'),(44,'Lucius'),(44,'Clay,'),(44,'who'),(44,'wa'),(44,'soon'),(44,'to'),(44,'become'),(44,'the'),(44,'military'),(44,'governor'),(44,'of'),(44,'the'),(44,'American'),(44,'zone,'),(44,'found'),(44,'that'),(44,'*the'),(44,'streets'),(44,'were'),(44,'piled'),(44,'high'),(44,'with'),(44,'debris'),(44,'which'),(44,'left'),(44,'in'),(44,'many'),(44,'places'),(44,'only'),(44,'a'),(44,'narrow'),(44,'From'),(44,'On'),(44,'Every'),(44,'Front'),(44,'The'),(44,'Making'),(44,'and'),(44,'Umnalmig'),(44,'oj'),(44,'the'),(44,'Cold'),(44,'Wan'),(44,'Revised'),(44,'Edition'),(44,'by'),(44,'Thomas'),(44,'G'),(44,'aters'),(44,'n'),(44,'Copyright'),(44,'@'),(44,'l992,'),(44,'I979'),(44,'by'),(44,'W'),(44,'W'),(44,'Norton'),(44,'&amp;'),(44,'Company.'),(44,'Inc'),(44,'Used'),(44,'by'),(44,'permission'),(44,'of'),(44,'W'),(44,'W'),(44,'Norton'),(44,'&amp;'),(44,'Company,'),(44,'inc'),(45,'H'),(45,'I'),(45,'•'),(45,'I'),(45,'R&apos;'),(45,'il'),(45,'l'),(45,'llc'),(45,'&quot;('),(45,'no'),(45,'*BUQ'),(45,'0'),(45,'o'),(45,'u'),(45,'.1.0m'),(45,'bum'),(45,'X'),(45,'.'),(45,'c'),(45,'s'),(45,'&quot;xl'),(45,'!'),(45,'i'),(45,'Bee];.'),(45,'e'),(45,'t'),(45,'1.'),(45,'K'),(45,'cc1oc'),(45,'llmnocc'),(45,'pco'),(45,'le'),(45,'in'),(45,'up.:'),(45,'uh'),(45,'c'),(45,'!'),(45,'&quot;ire'),(45,'me'),(45,'now'),(45,'t'),(45,'pretend'),(45,'that'),(45,'tlicx'),(45,'.'),(45,'c'),(45,'tn;'),(45,'politcmin'),(45,'l'),(45,'nc'),(45,'tm'),(45,'mon.:]'),(45,'Amer'),(45,'tcntton'),(45,'in'),(45,'dronp1nv'),(45,'the'),(45,'bombs'),(45,'on'),(45,'1roshtma'),(45,'and'),(45,'hen'),(45,'Nagasaki'),(45,'was'),(45,'to'),(45,'cn'),(45,'J'),(45,'&quot;nc'),(45,'lncs.'),(45,'ha'),(45,'con'),(45,'oktd'),(45,'full'),(45,'ofliolcs.'),(45,'Rcxisionist'),(45,'lt1slolmtis'),(45,'like'),(45,'(mr'),(45,'Alpcrov'),(45,'1/'),(45,'as1vcl)'),(45,'that'),(45,'Washington'),(45,'bcl1cxcd'),(45,'the'),(45,'bombing'),(45,'uhtéml)'),(45,'unnecessary'),(45,'(c'),(45,'cr!'),(45,'American'),(45,'pr1mac'),(45,'in'),(45,'the'),(45,'postwar'),(45,'order)'),(45,'because'),(45,'£1'),(45,'11'),(45,';'),(45,'l'),(45,'.8.'),(45,'Strategic'),(45,'omb'),(45,'!'),(45,'t'),(45,'n'),(45,'1946,'),(45,'&quot;in'),(45,'all'),(45,'probability&quot;'),(45,',1.1pnn'),(45,'woult'),(45,'have'),(45,'urrcndcrcd'),(45,'even'),(45,'mthou'),(45,'mbs.'),(45,'ct'),(45,'this'),(45,'cmcr'),(45,'•mg'),(45,'conseil'),(45,'rofoundly'),(45,'i'),(45,'taken'),(45,'hilc'),(45,'Amcnc;m'),(45,'scholarship'),(45,'l'),(45,'moral'),(45,'Hosltlon'),(45,'Japanese'),(45,'lustoi-real'),(45,'msc-11-€h'),(45,'as'),(45,'bolstered'),(45,'il'),(45,'&apos;1&quot;hc'),(45,'Japanese'),(45,'sc'),(45,'to;'),(45,'an'),(45,'like'),(45,'dao'),(45,'Asa1da'),(45,'of'),(45,'l)osh1shtt'),(45,'lmvcrsily'),(45,'in'),(45,'Kyoto,'),(45,'notes'),(45,'that'),(45,'.l'),(45,'leader'),(45,'xi'),(45,'ho'),(45,'tax'),(45,'orcd'),(45,'surrender'),(45,'saw'),(45,'their'),(45,'11vat1on'),(45,'in'),(45,'the'),(45,';1tom1c'),(45,'bombing.'),(45,'The'),(45,'a'),(45,'t1'),(45,'.'),(45,'t'),(45,'ty'),(45,'w'),(45,'steadfastly'),(45,'rclusm'),(45,'1'),(45,';'),(45,'g'),(45,'o'),(45,'give'),(45,'up,'),(45,'so'),(45,'c'),(45,'peace'),(45,'faction'),(45,'seized'),(45,'upon'),(45,'the'),(45,'bomb1n'),(45,'a'),(45,'a'),(45,'new'),(45,'argument'),(45,'to'),(45,'force'),(45,'surrender'),(45,'VC'),(45,'anne'),(45,'peace'),(45,'party'),(45,'were'),(45,'assisted'),(45,'by'),(45,'the'),(45,'€110m1C'),(45,'bomb'),(45,'in'),(45,'our'),(45,'endeavor'),(45,'to'),(45,'end'),(45,'ihE'),(45,'war'),(45,'&quot;'),(45,'Koich'),(45,'&apos;do'),(45,'one'),(45,'of'),(45,'Emperor'),(45,'ll1roh1to&apos;s'),(45,'closest'),(45,'aides,'),(45,'said'),(45,'later.'),(45,';n;time'),(45,'records'),(45,'and'),(45,'memoirs'),(45,'show'),(45,'that'),(45,'the'),(45,'emperor'),(45,'and'),(45,'some'),(45,'ofhis'),(45,'aide'),(45,'wanted'),(45,'to'),(45,'end'),(45,'thc'),(45,'rr'),(45,'by'),(45,'summer'),(45,'1945.'),(45,'But'),(45,'they'),(45,'were'),(45,'vac1llating'),(45,'and'),(45,'couldn&apos;t'),(45,'prevail'),(45,'over'),(45,'a'),(45,'military'),(45,'that'),(45,'was'),(45,'ermmcd'),(45,'to'),(45,'keep'),(45,'going'),(45,'even'),(45,'1f'),(45,'that'),(45,'meant,'),(45,'as'),(45,'a'),(45,'navy'),(45,'official'),(45,'urged'),(45,'at'),(45,'one'),(45,'meeting,'),(45,'&quot;sacrilicm'),(45,'million'),(45,'Japanese'),(45,'lives.'),(45,'e'),(45,'atomic'),(45,'bombings'),(45,'broke'),(45,'this'),(45,'political'),(45,'stalemate'),(45,'and'),(45,'were'),(45,'thus'),(45,'described'),(45,'by'),(45,'M1tsumasa'),(45,'nai,'),(45,'the'),(45,'navy'),(45,'minister'),(45,'at'),(45,'the'),(45,'time,'),(45,'as'),(45,'a'),(45,'&quot;gift'),(45,'from'),(45,'heaven.'),(45,'thout'),(45,'the'),(45,'atomic'),(45,'bombings,'),(45,'Japan'),(45,'WOU1C1'),(45,'haVe'),(45,'Continued'),(45,'fighting'),(45,'by'),(45,'inertia.'),(45,'This'),(45,'would'),(45,'hav'),(45,';tnt'),(45,'more'),(45,'Iirebombing'),(45,'of'),(45,'Japanese'),(45,'CIIICS'),(45,'and'),(45,'a'),(45,'ground'),(45,'invasion,'),(45,'planned'),(45,'for'),(45,'November'),(45,'1945.'),(45,'he'),(45,'main'),(45,'Ja'),(45,'anese'),(45,'islands.'),(45,'The'),(45,'flglll1rlg'),(45,'Over'),(45,'the'),(45,'small,'),(45,'sparsely'),(45,'populated'),(45,'islands'),(45,'ofOkinavt'),(45,'killed'),(45,'14'),(45,'000'),(45,'Americans'),(45,'and'),(45,'200,000'),(45,'Japanese,'),(45,'and'),(45,'in'),(45,'the'),(45,'main'),(45,'islands'),(45,'the'),(45,'toll'),(45,'would'),(45,'have'),(45,'3'),(45,'into'),(45,'the'),(45,'millions.'),(45,'atomic'),(45,'bomb'),(45,'was'),(45,'a'),(45,'golden'),(45,'opportunity'),(45,'given'),(45,'by'),(45,'heaven'),(45,'for'),(45,'Japan'),(45,'to'),(45,'end'),(45,'the'),(45,'war'),(45,'un'),(45,'nlknmiéu,'),(45,'the'),(45,'chief'),(45,'cabinet'),(45,'secretary'),(45,'in'),(45,'1945,'),(45,'said'),(45,'later.'),(46,'Riddle'),(46,'Two'),(46,'You'),(46,'are'),(46,'the'),(46,'janitor'),(46,'at'),(46,'a'),(46,'prison'),(46,'with'),(46,'100'),(46,'prisoners'),(46,'locked'),(46,'in'),(46,'separate,'),(46,'soundproof'),(46,'and'),(46,'windowless'),(46,'cells.'),(46,'You'),(46,'watch'),(46,'one'),(46,'day'),(46,'as'),(46,'the'),(46,'warden'),(46,'brings'),(46,'the'),(46,'prisoners'),(46,'out'),(46,'to'),(46,'a'),(46,'central'),(46,'room'),(46,'where'),(46,'there'),(46,'are'),(46,'100'),(46,'boxes'),(46,'laid'),(46,'out'),(46,'labeled'),(46,'1'),(46,'through'),(46,'100.'),(46,'He'),(46,'hands'),(46,'each'),(46,'prisoner'),(46,'a'),(46,'slip'),(46,'of'),(46,'paper'),(46,'and'),(46,'a'),(46,'pen'),(46,'and'),(46,'asks'),(46,'everyone'),(46,'to'),(46,'write'),(46,'their'),(46,'name'),(46,'on'),(46,'their'),(46,'slip'),(46,'and'),(46,'hand'),(46,'it'),(46,'back'),(46,'to'),(46,'him.'),(46,'All'),(46,'the'),(46,'prisoners'),(46,'have'),(46,'different'),(46,'names.'),(46,'The'),(46,'warden'),(46,'then'),(46,'makes'),(46,'a'),(46,'proposition'),(46,'to'),(46,'the'),(46,'prisoners.'),(46,'He'),(46,'will'),(46,'put'),(46,'them'),(46,'back'),(46,'in'),(46,'their'),(46,'cells'),(46,'and'),(46,'will'),(46,'put'),(46,'each'),(46,'of'),(46,'the'),(46,'100'),(46,'slips'),(46,'of'),(46,'paper'),(46,'into'),(46,'a'),(46,'different'),(46,'box.'),(46,'The'),(46,'prisoners'),(46,'will'),(46,'then'),(46,'be'),(46,'brought'),(46,'out'),(46,'one'),(46,'by'),(46,'one'),(46,'in'),(46,'a'),(46,'random'),(46,'order.'),(46,'When'),(46,'a'),(46,'prisoner'),(46,'comes'),(46,'out'),(46,'he'),(46,'will'),(46,'get'),(46,'to'),(46,'open'),(46,'50'),(46,'boxes.'),(46,'He'),(46,'doesn&apos;t'),(46,'need'),(46,'to'),(46,'preselect'),(46,'which'),(46,'boxes'),(46,'he&apos;ll'),(46,'open;'),(46,'he'),(46,'can'),(46,'choose'),(46,'as'),(46,'he'),(46,'goes'),(46,'along.'),(46,'He'),(46,'is'),(46,'also'),(46,'not'),(46,'allowed'),(46,'to'),(46,'rearrange'),(46,'the'),(46,'boxes'),(46,'or'),(46,'the'),(46,'names'),(46,'as'),(46,'he'),(46,'does'),(46,'this.'),(46,'If'),(46,'any'),(46,'of'),(46,'the'),(46,'50'),(46,'boxes'),(46,'he'),(46,'opens'),(46,'contains'),(46,'the'),(46,'slip'),(46,'with'),(46,'that'),(46,'prisoner&apos;s'),(46,'name'),(46,'on'),(46,'it,'),(46,'then'),(46,'that'),(46,'prisoner'),(46,'asses&quot;'),(46,'the'),(46,'test.'),(46,'He'),(46,'will'),(46,'be'),(46,'sent'),(46,'back'),(46,'to'),(46,'his'),(46,'cell,'),(46,'all'),(46,'of'),(46,'the'),(46,'boxes'),(46,'will'),(46,'be'),(46,'closed,'),(46,'and'),(46,'the'),(46,'next'),(46,'prisoner'),(46,'will'),(46,'be'),(46,'brought'),(46,'out.'),(46,'However'),(46,'if'),(46,'any'),(46,'prisoner'),(46,'opens'),(46,'50'),(46,'boxes'),(46,'and'),(46,'none'),(46,'of'),(46,'them'),(46,'contain'),(46,'his'),(46,'name,'),(46,'then'),(46,'all'),(46,'100'),(46,'prisoners'),(46,'will'),(46,'be'),(46,'executed.'),(46,'Note'),(46,'that'),(46,'prisoners'),(46,'have'),(46,'no'),(46,'way'),(46,'of'),(46,'passing'),(46,'information'),(46,'on'),(46,'to'),(46,'any'),(46,'of'),(46,'the'),(46,'prisoners'),(46,'who'),(46,'go'),(46,'after'),(46,'them.'),(46,'lf'),(46,'='),(46,'ll'),(46,'of'),(46,'the'),(46,'prisoners'),(46,'are'),(46,'='),(46,'ble'),(46,'to'),(46,'&quot;pass&quot;'),(46,'the'),(46,'test,'),(46,'then'),(46,'they'),(46,'will'),(46,'all'),(46,'be'),(46,'set'),(46,'free'),(46,'and'),(46,'you&apos;ll'),(46,'receive'),(46,'a'),(46,'big'),(46,'promotion.'),(46,'Luckily'),(46,'for'),(46,'the'),(46,'prisoners,'),(46,'the'),(46,'warden'),(46,'is'),(46,'going'),(46,'to'),(46,'let'),(46,'you'),(46,'help'),(46,'them'),(46,'in'),(46,'the'),(46,'following'),(46,'way.'),(46,'After'),(46,'he&apos;s'),(46,'put'),(46,'all'),(46,'of'),(46,'the'),(46,'names'),(46,'in'),(46,'the'),(46,'boxes'),(46,'he'),(46,'will'),(46,'bring'),(46,'you'),(46,'into'),(46,'the'),(46,'room'),(46,'let'),(46,'you'),(46,'look'),(46,'at'),(46,'all'),(46,'the'),(46,'names'),(46,'in'),(46,'all'),(46,'the'),(46,'boxes,'),(46,'and'),(46,'then,'),(46,'if'),(46,'you'),(46,'choose'),(46,'to,'),(46,'switch'),(46,'two'),(46,'names'),(46,'with'),(46,'each'),(46,'other.'),(46,'For'),(46,'e'),(46,'ample,'),(46,'you'),(46,'could'),(46,'switch'),(46,'the'),(46,'names'),(46,'in'),(46,'boxes'),(46,'35'),(46,'and'),(46,'77.'),(46,'You'),(46,'are'),(46,'only'),(46,'allowed'),(46,'to'),(46,'make'),(46,'one'),(46,'switch'),(46,'After'),(46,'you'),(46,'help'),(46,'with'),(46,'this'),(46,'task,'),(46,'you'),(46,'will'),(46,'be'),(46,'sent'),(46,'out'),(46,'of'),(46,'the'),(46,'prison'),(46,'and'),(46,'will'),(46,'not'),(46,'be'),(46,'able'),(46,'to'),(46,'communicate'),(46,'with'),(46,'the'),(46,'prisoners.'),(46,'Before'),(46,'his'),(46,'strange'),(46,'game'),(46,'begins,'),(46,'you'),(46,'get'),(46,'to'),(46,'mee'),(46,'with'),(46,'the'),(46,'prisoners'),(46,'to'),(46,'discuss'),(46,'a'),(46,'strategy.'),(46,'This'),(46,'strategy'),(46,'must'),(46,'hav='),(46,'two'),(46,'parts:'),(46,'How'),(46,'do'),(46,'you'),(46,'decide'),(46,'which'),(46,'names'),(46,'to'),(46,'switch,'),(46,'if'),(46,'any'),(46,'at'),(46,'all&apos;;'),(46,'How'),(46,'does'),(46,'each'),(46,'prisoner'),(46,'decide'),(46,'hich'),(46,'50'),(46,'boxes'),(46,'he'),(46,'will'),(46,'Open&quot;'),(46,'What'),(46,'plan'),(46,'do'),(46,'you'),(46,'come'),(46,'up'),(46,'with'),(46,'to'),(46,'ensure'),(46,'that'),(46,'the'),(46,'prisoners'),(46,'wil'),(46,'all'),(46,'go'),(46,'free&apos;;'),(47,'Not'),(47,'Found'),(48,'Not'),(48,'Found');
/*!40000 ALTER TABLE `fileTags` ENABLE KEYS */;
UNLOCK TABLES;

--
-- Table structure for table `files`
--

DROP TABLE IF EXISTS `files`;
/*!40101 SET @saved_cs_client     = @@character_set_client */;
/*!40101 SET character_set_client = utf8 */;
CREATE TABLE `files` (
  `fid` int(11) NOT NULL AUTO_INCREMENT,
  `uid` int(4) NOT NULL,
  `name` varchar(255) NOT NULL,
  `uploadTime` timestamp NOT NULL DEFAULT CURRENT_TIMESTAMP,
  PRIMARY KEY (`fid`),
  KEY `uid` (`uid`),
  CONSTRAINT `files_ibfk_1` FOREIGN KEY (`uid`) REFERENCES `users` (`uid`)
) ENGINE=InnoDB AUTO_INCREMENT=49 DEFAULT CHARSET=latin1 COMMENT='Will store the files that the users upload';
/*!40101 SET character_set_client = @saved_cs_client */;

--
-- Dumping data for table `files`
--

LOCK TABLES `files` WRITE;
/*!40000 ALTER TABLE `files` DISABLE KEYS */;
INSERT INTO `files` VALUES (36,1,'1416754787265-1565042073.jpg','2014-11-23 15:00:07'),(37,1,'1416754807351757806767.jpg','2014-11-23 15:00:26'),(38,1,'14167548275331342739293.jpg','2014-11-23 15:00:56'),(39,1,'1416754863212-1656344900.jpg','2014-11-23 15:01:40'),(40,1,'14167549121471927024054.jpg','2014-11-23 15:02:08'),(41,1,'14167549381021290088190.jpg','2014-11-23 15:03:00'),(42,1,'1416754992240-2087162427.jpg','2014-11-23 15:03:38'),(43,1,'1416755056107938385880.jpg','2014-11-23 15:04:38'),(44,1,'14167550801651973699610.jpg','2014-11-23 15:05:16'),(45,1,'14167695873441095089103.jpg','2014-11-23 19:06:46'),(46,2,'14167532654352109381650.jpg','2014-11-23 20:00:35'),(47,2,'h12-m29-s47~wunderground API usage alert - kyle170@gmail.com - Gmail.png','2015-01-12 20:21:03'),(48,2,'API.png','2015-01-12 20:22:24');
/*!40000 ALTER TABLE `files` ENABLE KEYS */;
UNLOCK TABLES;

--
-- Table structure for table `users`
--

DROP TABLE IF EXISTS `users`;
/*!40101 SET @saved_cs_client     = @@character_set_client */;
/*!40101 SET character_set_client = utf8 */;
CREATE TABLE `users` (
  `uid` int(4) NOT NULL AUTO_INCREMENT,
  `username` varchar(255) NOT NULL,
  `password` varchar(255) NOT NULL,
  `email` varchar(255) NOT NULL,
  PRIMARY KEY (`uid`),
  UNIQUE KEY `username` (`username`),
  UNIQUE KEY `email` (`email`)
) ENGINE=InnoDB AUTO_INCREMENT=3 DEFAULT CHARSET=latin1 COMMENT='Table to store the users information';
/*!40101 SET character_set_client = @saved_cs_client */;

--
-- Dumping data for table `users`
--

LOCK TABLES `users` WRITE;
/*!40000 ALTER TABLE `users` DISABLE KEYS */;
INSERT INTO `users` VALUES (1,'cooter','cooter','cooter1@yahoo.com'),(2,'bobby','bobby','bobby@billy.com');
/*!40000 ALTER TABLE `users` ENABLE KEYS */;
UNLOCK TABLES;

--
-- Dumping events for database 'hackathon_db'
--

--
-- Dumping routines for database 'hackathon_db'
--
/*!40103 SET TIME_ZONE=@OLD_TIME_ZONE */;

/*!40101 SET SQL_MODE=@OLD_SQL_MODE */;
/*!40014 SET FOREIGN_KEY_CHECKS=@OLD_FOREIGN_KEY_CHECKS */;
/*!40014 SET UNIQUE_CHECKS=@OLD_UNIQUE_CHECKS */;
/*!40101 SET CHARACTER_SET_CLIENT=@OLD_CHARACTER_SET_CLIENT */;
/*!40101 SET CHARACTER_SET_RESULTS=@OLD_CHARACTER_SET_RESULTS */;
/*!40101 SET COLLATION_CONNECTION=@OLD_COLLATION_CONNECTION */;
/*!40111 SET SQL_NOTES=@OLD_SQL_NOTES */;

-- Dump completed on 2015-03-31 21:55:28
